{
  "builder_name": "big_patent",
  "citation": "\n@misc{sharma2019bigpatent,\n    title={BIGPATENT: A Large-Scale Dataset for Abstractive and Coherent Summarization},\n    author={Eva Sharma and Chen Li and Lu Wang},\n    year={2019},\n    eprint={1906.03741},\n    archivePrefix={arXiv},\n    primaryClass={cs.CL}\n}\n",
  "config_name": "d",
  "dataset_size": 293681324,
  "description": "\nBIGPATENT, consisting of 1.3 million records of U.S. patent documents\nalong with human written abstractive summaries.\nEach US patent application is filed under a Cooperative Patent Classification\n(CPC) code. There are nine such classification categories:\nA (Human Necessities), B (Performing Operations; Transporting),\nC (Chemistry; Metallurgy), D (Textiles; Paper), E (Fixed Constructions),\nF (Mechanical Engineering; Lightning; Heating; Weapons; Blasting),\nG (Physics), H (Electricity), and\nY (General tagging of new or cross-sectional technology)\nThere are two features:\n  - description: detailed description of patent.\n  - abstract: Patent abastract.\n",
  "download_checksums": {
    "data/2.1.2/train.zip": {
      "num_bytes": 9129045386,
      "checksum": null
    },
    "data/2.1.2/val.zip": {
      "num_bytes": 506259325,
      "checksum": null
    },
    "data/2.1.2/test.zip": {
      "num_bytes": 507619065,
      "checksum": null
    }
  },
  "download_size": 10142923776,
  "features": {
    "description": {
      "dtype": "string",
      "_type": "Value"
    },
    "abstract": {
      "dtype": "string",
      "_type": "Value"
    }
  },
  "homepage": "https://evasharma.github.io/bigpatent/",
  "license": "Creative Commons Attribution 4.0 International",
  "size_in_bytes": 10436605100,
  "splits": {
    "train": {
      "name": "train",
      "num_bytes": 264717412,
      "num_examples": 10164,
      "dataset_name": "big_patent"
    },
    "validation": {
      "name": "validation",
      "num_bytes": 14560482,
      "num_examples": 565,
      "dataset_name": "big_patent"
    },
    "test": {
      "name": "test",
      "num_bytes": 14403430,
      "num_examples": 565,
      "dataset_name": "big_patent"
    }
  },
  "supervised_keys": {
    "input": "description",
    "output": "abstract"
  },
  "version": {
    "version_str": "2.1.2",
    "major": 2,
    "minor": 1,
    "patch": 2
  }
}